id,keyword,location,link id,internal link,external link
1,project manager,berlin,3676014504,https://de.linkedin.com/jobs/view/project-manager-at-fever-3676014504?refId=VAtYS7tT5pExghpI5Cgh%2BQ%3D%3D&trackingId=Jy%2FFpXN9H%2FNf8ndhrhalhw%3D%3D&position=1&pageNum=0&trk=public_jobs_jserp-result_search-card,None
2,project manager,berlin,3673094152,https://de.linkedin.com/jobs/view/junior-project-manager-dach-at-fever-3673094152?refId=VAtYS7tT5pExghpI5Cgh%2BQ%3D%3D&trackingId=9XFQq0FqysrJZR0TDujxFQ%3D%3D&position=2&pageNum=0&trk=public_jobs_jserp-result_search-card,None
3,project manager,berlin,3667897649,https://de.linkedin.com/jobs/view/senior-supply-project-manager-at-al-solutions-3667897649?refId=VAtYS7tT5pExghpI5Cgh%2BQ%3D%3D&trackingId=zPxZczUXUgW8d6vfUqWCWA%3D%3D&position=3&pageNum=0&trk=public_jobs_jserp-result_search-card,None
4,project manager,berlin,3673084660,https://de.linkedin.com/jobs/view/project-manager-people-organization-m-f-d-at-viessmann-3673084660?refId=VAtYS7tT5pExghpI5Cgh%2BQ%3D%3D&trackingId=2ojTn33cbSu0YsXgy0a3cQ%3D%3D&position=4&pageNum=0&trk=public_jobs_jserp-result_search-card,https://de.linkedin.com/jobs/view/externalApply/3673084660?url=https%3A%2F%2Fgrnh%2Ese%2Fa4d61a6c3us&urlHash=gwbu&refId=VAtYS7tT5pExghpI5Cgh%2BQ%3D%3D&trackingId=2ojTn33cbSu0YsXgy0a3cQ%3D%3D
5,project manager,berlin,3668779841,https://de.linkedin.com/jobs/view/senior-project-manager-business-operations-all-genders-at-sunday-natural-we-are-hiring%21-3668779841?refId=VAtYS7tT5pExghpI5Cgh%2BQ%3D%3D&trackingId=SN3ObyPQJsXMwwkQ3qeQVw%3D%3D&position=5&pageNum=0&trk=public_jobs_jserp-result_search-card,https://de.linkedin.com/jobs/view/externalApply/3668779841?url=https%3A%2F%2Fsunday%2Ejobs%2Epersonio%2Ede%2Fjob%2F1161012%3Flanguage%3Den&urlHash=IikE&refId=VAtYS7tT5pExghpI5Cgh%2BQ%3D%3D&trackingId=SN3ObyPQJsXMwwkQ3qeQVw%3D%3D
6,project manager,berlin,3641771989,https://de.linkedin.com/jobs/view/project-manager-people-organization-m-f-d-at-viessmann-3641771989?refId=VAtYS7tT5pExghpI5Cgh%2BQ%3D%3D&trackingId=D9SSW5OPKjVkX3TnSCiigw%3D%3D&position=6&pageNum=0&trk=public_jobs_jserp-result_search-card,https://de.linkedin.com/jobs/view/externalApply/3641771989?url=https%3A%2F%2Fgrnh%2Ese%2Faaca61983us&urlHash=-NL0&refId=VAtYS7tT5pExghpI5Cgh%2BQ%3D%3D&trackingId=D9SSW5OPKjVkX3TnSCiigw%3D%3D
7,project manager,berlin,3674812659,https://de.linkedin.com/jobs/view/junior-project-manager-all-genders-at-liganova-the-brandretail-company-3674812659?refId=VAtYS7tT5pExghpI5Cgh%2BQ%3D%3D&trackingId=nsSpqeBwUnN0QcZs3kJ6BQ%3D%3D&position=7&pageNum=0&trk=public_jobs_jserp-result_search-card,None
8,project manager,berlin,3673273873,https://de.linkedin.com/jobs/view/project-manager-m-w-d-at-bling-de-3673273873?refId=VAtYS7tT5pExghpI5Cgh%2BQ%3D%3D&trackingId=wmpr4H6bJHxUWqoIphVEHg%3D%3D&position=8&pageNum=0&trk=public_jobs_jserp-result_search-card,https://de.linkedin.com/jobs/view/externalApply/3673273873?url=https%3A%2F%2Fjoin%2Ecom%2Fcompanies%2Fbling%2F8706609-project-manager-m-w-d%3Fpid%3Dd7cb2e8e859c62cd7f75&urlHash=rMeV&refId=VAtYS7tT5pExghpI5Cgh%2BQ%3D%3D&trackingId=wmpr4H6bJHxUWqoIphVEHg%3D%3D
9,project manager,berlin,3662474346,https://de.linkedin.com/jobs/view/project-manager-f-d-m-in-berlin-at-kiwa-3662474346?refId=VAtYS7tT5pExghpI5Cgh%2BQ%3D%3D&trackingId=Z3YGdJvWFJdvC1c%2BzIj1ew%3D%3D&position=9&pageNum=0&trk=public_jobs_jserp-result_search-card,https://de.linkedin.com/jobs/view/externalApply/3662474346?url=https%3A%2F%2Fcareers%2Ekiwa%2Ecom%2Fcareers-home%2Fjobs%2F2366%3Flang%3Dde-de%26previousLocale%3Den-US&urlHash=Ya6W&refId=VAtYS7tT5pExghpI5Cgh%2BQ%3D%3D&trackingId=Z3YGdJvWFJdvC1c%2BzIj1ew%3D%3D
10,project manager,berlin,3685284949,https://de.linkedin.com/jobs/view/junior-project-manager-m-w-d-at-civocracy-3685284949?refId=VAtYS7tT5pExghpI5Cgh%2BQ%3D%3D&trackingId=uxsK8aVBmhrwuoS0szMVeg%3D%3D&position=10&pageNum=0&trk=public_jobs_jserp-result_search-card,https://de.linkedin.com/jobs/view/externalApply/3685284949?url=https%3A%2F%2Fjoin%2Ecom%2Fcompanies%2Fcivocracy%2F8832326-junior-project-manager-m-w-d%3Fpid%3Dd7cb2e8e859c62cd7f75&urlHash=LvSB&refId=VAtYS7tT5pExghpI5Cgh%2BQ%3D%3D&trackingId=uxsK8aVBmhrwuoS0szMVeg%3D%3D
11,project manager,berlin,3656983703,https://de.linkedin.com/jobs/view/clinical-supply-project-manager-at-al-solutions-3656983703?refId=VAtYS7tT5pExghpI5Cgh%2BQ%3D%3D&trackingId=dMwgmUG1JTfJ7GSn6z3ePA%3D%3D&position=11&pageNum=0&trk=public_jobs_jserp-result_search-card,None
12,project manager,berlin,3648875089,https://de.linkedin.com/jobs/view/clinical-project-manager-at-al-solutions-3648875089?refId=VAtYS7tT5pExghpI5Cgh%2BQ%3D%3D&trackingId=pwemi%2BLoSFwZwN4DxddJjg%3D%3D&position=12&pageNum=0&trk=public_jobs_jserp-result_search-card,None
13,project manager,berlin,3668780671,https://de.linkedin.com/jobs/view/project-manager-product-development-spices-all-genders-at-sunday-natural-we-are-hiring%21-3668780671?refId=VAtYS7tT5pExghpI5Cgh%2BQ%3D%3D&trackingId=tNqEd0Wgw0gq7LxeC9YTzA%3D%3D&position=13&pageNum=0&trk=public_jobs_jserp-result_search-card,https://de.linkedin.com/jobs/view/externalApply/3668780671?url=https%3A%2F%2Fsunday%2Ejobs%2Epersonio%2Ede%2Fjob%2F1186909%3Flanguage%3Den&urlHash=bwW4&refId=VAtYS7tT5pExghpI5Cgh%2BQ%3D%3D&trackingId=tNqEd0Wgw0gq7LxeC9YTzA%3D%3D
14,project manager,berlin,3647341603,https://de.linkedin.com/jobs/view/project-manager-f-d-m-at-framen-3647341603?refId=VAtYS7tT5pExghpI5Cgh%2BQ%3D%3D&trackingId=VhSbdmEoS%2BxodXlDw3JM6Q%3D%3D&position=14&pageNum=0&trk=public_jobs_jserp-result_search-card,https://de.linkedin.com/jobs/view/externalApply/3647341603?url=https%3A%2F%2Ft%2Egohiring%2Ecom%2Fh%2Fa0bf7b9b42d66247547a9c9ac094a07d4ebead791430f62023d92d542c847266&urlHash=5wvq&refId=VAtYS7tT5pExghpI5Cgh%2BQ%3D%3D&trackingId=VhSbdmEoS%2BxodXlDw3JM6Q%3D%3D
15,project manager,berlin,3666181044,https://de.linkedin.com/jobs/view/program-manager-at-status-3666181044?refId=VAtYS7tT5pExghpI5Cgh%2BQ%3D%3D&trackingId=JX4KeYnJlbt9AnjqmMfEMg%3D%3D&position=15&pageNum=0&trk=public_jobs_jserp-result_search-card,https://de.linkedin.com/jobs/view/externalApply/3666181044?url=https%3A%2F%2Fgrnh%2Ese%2F74653f401us&urlHash=yvfu&refId=VAtYS7tT5pExghpI5Cgh%2BQ%3D%3D&trackingId=JX4KeYnJlbt9AnjqmMfEMg%3D%3D
16,project manager,berlin,3641787866,https://de.linkedin.com/jobs/view/e-commerce-project-manager-all-genders-at-razor-group-3641787866?refId=VAtYS7tT5pExghpI5Cgh%2BQ%3D%3D&trackingId=47vSWf8p7FuH79xEFejEHQ%3D%3D&position=16&pageNum=0&trk=public_jobs_jserp-result_search-card,https://de.linkedin.com/jobs/view/externalApply/3641787866?url=https%3A%2F%2Fgrnh%2Ese%2Fed26a4b2teu&urlHash=f7Jm&refId=VAtYS7tT5pExghpI5Cgh%2BQ%3D%3D&trackingId=47vSWf8p7FuH79xEFejEHQ%3D%3D
17,project manager,berlin,3680103685,https://de.linkedin.com/jobs/view/project-manager-at-the-court-of-the-citizens-of-the-world-3680103685?refId=VAtYS7tT5pExghpI5Cgh%2BQ%3D%3D&trackingId=dJKHZc%2F2QOir8vO7rUb2rA%3D%3D&position=17&pageNum=0&trk=public_jobs_jserp-result_search-card,None
18,project manager,berlin,3674041848,https://de.linkedin.com/jobs/view/project-manager-project-lead-d-f-m-at-seek-development-strategic-and-organizational-consultants-3674041848?refId=VAtYS7tT5pExghpI5Cgh%2BQ%3D%3D&trackingId=4ibkYeXCJoL%2F01CQuRaBeQ%3D%3D&position=18&pageNum=0&trk=public_jobs_jserp-result_search-card,https://de.linkedin.com/jobs/view/externalApply/3674041848?url=https%3A%2F%2Ft%2Egohiring%2Ecom%2Fh%2F1ee7b49ae2490a3e6feea7f4ba899e38ecf467befc899c99b88b5e85502f1044&urlHash=eHDx&refId=VAtYS7tT5pExghpI5Cgh%2BQ%3D%3D&trackingId=4ibkYeXCJoL%2F01CQuRaBeQ%3D%3D
19,project manager,berlin,3663332567,https://de.linkedin.com/jobs/view/project-coordinator-creatives-f-m-d-at-clariness-3663332567?refId=VAtYS7tT5pExghpI5Cgh%2BQ%3D%3D&trackingId=fco6PDQff7fWYh177yCQ7w%3D%3D&position=19&pageNum=0&trk=public_jobs_jserp-result_search-card,https://de.linkedin.com/jobs/view/externalApply/3663332567?url=https%3A%2F%2Fgrnh%2Ese%2F54b94c9a1us&urlHash=j-xm&refId=VAtYS7tT5pExghpI5Cgh%2BQ%3D%3D&trackingId=fco6PDQff7fWYh177yCQ7w%3D%3D
20,project manager,berlin,3668778875,https://de.linkedin.com/jobs/view/project-manager-product-development-sport-nutrition-all-genders-at-sunday-natural-we-are-hiring%21-3668778875?refId=VAtYS7tT5pExghpI5Cgh%2BQ%3D%3D&trackingId=NWLx%2Fy4dOPx0AzJ4sDKpXA%3D%3D&position=20&pageNum=0&trk=public_jobs_jserp-result_search-card,https://de.linkedin.com/jobs/view/externalApply/3668778875?url=https%3A%2F%2Fsunday%2Ejobs%2Epersonio%2Ede%2Fjob%2F1186888%3Flanguage%3Den&urlHash=jh53&refId=VAtYS7tT5pExghpI5Cgh%2BQ%3D%3D&trackingId=NWLx%2Fy4dOPx0AzJ4sDKpXA%3D%3D
21,project manager,berlin,3637097336,https://de.linkedin.com/jobs/view/senior-project-manager-business-operations-all-genders-at-marco-sigismund-3637097336?refId=VAtYS7tT5pExghpI5Cgh%2BQ%3D%3D&trackingId=Nsfiny0XshjS%2Fbl31wTABw%3D%3D&position=21&pageNum=0&trk=public_jobs_jserp-result_search-card,https://de.linkedin.com/jobs/view/externalApply/3637097336?url=https%3A%2F%2Ft%2Egohiring%2Ecom%2Fh%2F0e96d0271202c787481b4b3b02a06d0cdfd160df0584cf22e7f6b0750f45b002&urlHash=6AEe&refId=VAtYS7tT5pExghpI5Cgh%2BQ%3D%3D&trackingId=Nsfiny0XshjS%2Fbl31wTABw%3D%3D
22,project manager,berlin,3676018558,https://de.linkedin.com/jobs/view/project-coordinator-creatives-f-m-d-at-clariness-3676018558?refId=VAtYS7tT5pExghpI5Cgh%2BQ%3D%3D&trackingId=YCN5twcB%2BEK386D3%2BzjGnw%3D%3D&position=22&pageNum=0&trk=public_jobs_jserp-result_search-card,https://de.linkedin.com/jobs/view/externalApply/3676018558?url=https%3A%2F%2Fjoin%2Ecom%2Fcompanies%2Fclariness%2F8742320-project-coordinator-creatives-f-m-d%3Fpid%3Dd7cb2e8e859c62cd7f75&urlHash=Ekj9&refId=VAtYS7tT5pExghpI5Cgh%2BQ%3D%3D&trackingId=YCN5twcB%2BEK386D3%2BzjGnw%3D%3D
23,project manager,berlin,3533363148,https://de.linkedin.com/jobs/view/projektleiter-project-manager-m-w-d-at-ge-power-3533363148?refId=VAtYS7tT5pExghpI5Cgh%2BQ%3D%3D&trackingId=mOZFsd14ulysGrfM8Br2vA%3D%3D&position=23&pageNum=0&trk=public_jobs_jserp-result_search-card,https://de.linkedin.com/jobs/view/externalApply/3533363148?url=https%3A%2F%2Fjobs%2Egecareers%2Ecom%2Fpower%2Fglobal%2Fen%2Fjob%2FGE11GLOBALR3637776EXTERNALENGLOBAL%2FProjektleiter-Project-Manager-m-w-d%3Futm_source%3Dlinkedin%26codes%3Dlinkedin%26utm_medium%3Dphenom-feeds&urlHash=M-Ey&refId=VAtYS7tT5pExghpI5Cgh%2BQ%3D%3D&trackingId=mOZFsd14ulysGrfM8Br2vA%3D%3D
24,project manager,berlin,3659382756,https://de.linkedin.com/jobs/view/project-manager-product-development-spices-all-genders-at-marco-sigismund-3659382756?refId=VAtYS7tT5pExghpI5Cgh%2BQ%3D%3D&trackingId=LKexdA1ii%2Fnz61DGOH0ejg%3D%3D&position=24&pageNum=0&trk=public_jobs_jserp-result_search-card,None
25,project manager,berlin,3663772529,https://de.linkedin.com/jobs/view/project-manager-w-m-d-broadcast-projects-at-deutsche-welle-3663772529?refId=VAtYS7tT5pExghpI5Cgh%2BQ%3D%3D&trackingId=xzodRWtdWQtkSDsO%2FJ4PXA%3D%3D&position=25&pageNum=0&trk=public_jobs_jserp-result_search-card,https://de.linkedin.com/jobs/view/externalApply/3663772529?url=https%3A%2F%2Fjobs%2Ejobware%2Enet%2Fv%2F0057%3Fjw_result_piid%3D040074495%26jw_chl_seg%3DNLINKEDIN%26v%3D1%2E0&urlHash=8hRl&refId=VAtYS7tT5pExghpI5Cgh%2BQ%3D%3D&trackingId=xzodRWtdWQtkSDsO%2FJ4PXA%3D%3D
26,project manager,berlin,3673339282,https://de.linkedin.com/jobs/view/senior-project-manager-m-f-d-integrated-marketing-operations-eu5-ca-anz-at-pfizer-3673339282?refId=AW6Mu17R1kQBPpMWvKeJ3g%3D%3D&trackingId=fDLMzdwgGKCl%2BuzFd7LvqQ%3D%3D&position=24&pageNum=0&trk=public_jobs_jserp-result_search-card,https://de.linkedin.com/jobs/view/externalApply/3673339282?url=https%3A%2F%2Fpfizer%2Ewd1%2Emyworkdayjobs%2Ecom%2FPfizerCareers%2Fjob%2FGermany\u002d\u002d-Berlin%2FSenior-Project-Manager\u002d\u002dm-f-d\u002d\u002dIntegrated-Marketing-Operations\u002d\u002dEU5-CA-ANZ-_4889338-1%3Fsource%3Dlinkedin&urlHash=ohd_&refId=AW6Mu17R1kQBPpMWvKeJ3g%3D%3D&trackingId=fDLMzdwgGKCl%2BuzFd7LvqQ%3D%3D
